<?xml version="1.0" encoding="UTF-8"?>
<!DOCTYPE fontscolors PUBLIC "-//NetBeans//DTD Editor Fonts and Colors settings 1.1//EN" "http://www.netbeans.org/dtds/EditorFontsColors-1_1.dtd">
<fontscolors>
    <fontcolor foreColor="ffffcc99" name="identifier"/>
    <fontcolor default="field" foreColor="ff666666" name="markup-attribute"/>
    <fontcolor foreColor="ffcc99ff" name="string"/>
    <fontcolor default="identifier" foreColor="ffff0099" name="method"/>
    <fontcolor default="keyword" foreColor="ff666666" name="markup-element"/>
    <fontcolor default="string" foreColor="ff666666" name="markup-attribute-value"/>
    <fontcolor default="default" foreColor="ffcc99ff" name="entity-reference">
        <font style="bold+italic"/>
    </fontcolor>
    <fontcolor name="url"/>
    <fontcolor foreColor="ffff9900" name="number">
        <font style="bold"/>
    </fontcolor>
    <fontcolor bgColor="ff282828" foreColor="ffffff99" name="default"/>
    <fontcolor default="identifier" foreColor="ffff99cc" name="field"/>
    <fontcolor foreColor="ffcc99ff" name="char"/>
    <fontcolor foreColor="ff666666" name="comment"/>
    <fontcolor foreColor="ff66ffff" name="keyword"/>
    <fontcolor name="whitespace"/>
</fontscolors>
